filename,prediction,label
3962eefb27f952d30eb4a0834293ff01.txt,1,malware
idlestat.txt,0,goodware
dictfilt.txt,0,goodware
lsattr.txt,0,goodware
svok.txt,0,goodware
a22756e10b53573257fefe10a0db7a89.txt,1,malware
a52681452380dd17eb72437ef13639dc.txt,1,malware
fence_nss_wrapper.txt,0,goodware
gnome-disk-image-mounter.txt,0,goodware
svc.txt,0,goodware
gadmin-openvpn-server.txt,0,goodware
efibootmgr.txt,0,goodware
ledctl.txt,0,goodware
kickdict.txt,0,goodware
3826bef7f55cb544f152fb3bada3256b.txt,1,malware
bb126f78fca98d472a72749f3e211952.txt,1,malware
b12dd1a7039e117b4660bb43c68ba70d.txt,1,malware
a83fcb0fe6de68ea2192bf8dc7fab108.txt,1,malware
d9950ceb9c9c40500a351929d49346a6.txt,1,malware
bfb1d7e079a9070b16dba52f3a6ebfe7.txt,1,malware
logprn.txt,0,goodware
ifup.txt,0,goodware
mccs.txt,0,goodware
d6521654fb927793582bfe92a13ce264.txt,1,malware
e129e0e36414b0709838eb798bd509d3.txt,1,malware
idle3ctl.txt,0,goodware
gnome-disks.txt,0,goodware
fxload.txt,0,goodware
ksplice-kernel-utsname.txt,0,goodware
ksystemlog.txt,0,goodware
likey.txt,0,goodware
e41f48ae8b26ebf0167a1e9741668ae0.txt,1,malware
e2undo.txt,0,goodware
send_arp.txt,0,goodware
e2image.txt,0,goodware
b5daaa92a617736651cdd42eac89fe78.txt,1,malware
hostname.txt,0,goodware
mssh.txt,0,goodware
IPv6addr.txt,0,goodware
mlock.txt,0,goodware
sfex_init.txt,0,goodware
makedeltaiso.txt,0,goodware
gfs2_edit.txt,0,goodware
deborphan.txt,0,goodware
ee93f78933bdc2fe94bced263f13d02a.txt,1,malware
b4566f03a645ee122f7ccd81ef40ffcd.txt,1,malware
mdmon.txt,0,goodware
kuser.txt,0,goodware
tickle_tcp.txt,0,goodware
ldap2dns.txt,0,goodware
incrontab.txt,0,goodware
a26c0ff0814cf5476a64e0e0112ae3c9.txt,1,malware
fghack.txt,0,goodware
ext3grep.txt,0,goodware
lwatch.txt,0,goodware
ec2cbcf1d47c3ccac95227e7a7ed48ef.txt,1,malware
148066b0ad5a82f33f4a783f2e7b9246.txt,1,malware
tai64nlocal.txt,0,goodware
cc3b46d3a070b188285de2d758cd7ea3.txt,1,malware
fsarchiver.txt,0,goodware
edac-util.txt,0,goodware
jfs_fsck.txt,0,goodware
b30ea70288adc39d72efa78c7ce6b6aa.txt,1,malware
mke2fs.txt,0,goodware
mount.gfs2.txt,0,goodware
tune2fs.txt,0,goodware
gksu.txt,0,goodware
mklost+found.txt,0,goodware
genhash.txt,0,goodware
memstat.txt,0,goodware
mkfs.gfs2.txt,0,goodware
svstat.txt,0,goodware
92503bc7a7d07f51ad3f00ee5f0e9dba.txt,1,malware
6873a28c600b7aeab1877847821956b6.txt,1,malware
dkopp.txt,0,goodware
gkdebconf.txt,0,goodware
downtimes.txt,0,goodware
mpt-status.txt,0,goodware
sfex_daemon.txt,0,goodware
e31869366d25ed00f4bca1aded8eaa74.txt,1,malware
da25e28e1938560e863f43327690469e.txt,1,malware
c3e8e8c5a6a91b480224ad4653beef91.txt,1,malware
lipa.txt,0,goodware
itop.txt,0,goodware
c531bbc77278f6693499350f123273ba.txt,1,malware
8719554879e3fc52f391e98dd9495caa.txt,1,malware
b4c1db33fd6cdb6a71f1869ef5ac74f8.txt,1,malware
makedeltarpm.txt,0,goodware
a11c8973383d80fdcd44241554e6ff92.txt,1,malware
gadmin-openvpn-client.txt,0,goodware
444621d1fa2dcffcd03412fa65e69d3e.txt,1,malware
dmraid.txt,0,goodware
jfs_tune.txt,0,goodware
debram.txt,0,goodware
fragiso.txt,0,goodware
af661c8f3576ea1a0f61e871d2a32f11.txt,1,malware
c0fe24a9285b29c6bd3f67c4ecf4c04b.txt,1,malware
filefrag.txt,0,goodware
lsscsi.txt,0,goodware
98119f484275486deae5a8db53aae077.txt,1,malware
ae6158b9eaead3e3ef4c659e66f3c6fd.txt,1,malware
ksplice-inspect.txt,0,goodware
gfs2_quota.txt,0,goodware
diodload.txt,0,goodware
f780e0d6bcfbb1779a7c405540b69640.txt,1,malware
gadmin-rsync.txt,0,goodware
gfs2_convert.txt,0,goodware
f9fed62a7f8c1a27d868350921d32ed6.txt,1,malware
kvpm.txt,0,goodware
launchtool.txt,0,goodware
535202bf64d33ff980fb7526b325c078.txt,1,malware
dumpe2fs.txt,0,goodware
stinit.txt,0,goodware
e86f4ee9b793fb695b5f7c8fed6d4ef3.txt,1,malware
debsig-verify.txt,0,goodware
b8669246fe232c4d816dd883277eaa00.txt,1,malware
debfoster.txt,0,goodware
2629494ea5a32fd95f53866b906320ae.txt,1,malware
fence_ipmilan.txt,0,goodware
istgtcontrol.txt,0,goodware
mkfs.jfs.txt,0,goodware
drbd-peer-outdater.txt,0,goodware
fbset.txt,0,goodware
jfs_logdump.txt,0,goodware
a30c364cd354a3bd04bcf741c79338a0.txt,1,malware
genext2fs.txt,0,goodware
fsvs.txt,0,goodware
health-check.txt,0,goodware
envdir.txt,0,goodware
e5220eaef1808d54f7ea0051033ad1f0.txt,1,malware
e88ebb42891131b694821cd626dcd1a0.txt,1,malware
dioddate.txt,0,goodware
keytouch-editor.txt,0,goodware
544984ee3dc78edcea193e9f67d23023.txt,1,malware
ac092b70ca6379e5db6a8b32fb74bb80.txt,1,malware
bb042fee55c26a52902fd2b455d27377.txt,1,malware
7783a5974e3bf4e48b2c00d54f1e4a5a.txt,1,malware
dawg.txt,0,goodware
fence_rackswitch.txt,0,goodware
jfs_fscklog.txt,0,goodware
fibmap.f2fs.txt,0,goodware
jfs_mkfs.txt,0,goodware
debugfs.txt,0,goodware
fetch.txt,0,goodware
multilog.txt,0,goodware
54637155a45652aaf43944e530837a03.txt,1,malware
setlock.txt,0,goodware
members.txt,0,goodware
d87f373efd27c90943ac0cc8827ca048.txt,1,malware
efivar.txt,0,goodware
72791c80aeff149c74cf2a1e0ec09aae.txt,1,malware
c667f7165f01e304d9cafd2a56f92fa2.txt,1,malware
gadmin-samba.txt,0,goodware
francine.txt,0,goodware
f5a4804f3f14f563a7b4f931d696114c.txt,1,malware
f1f1668a2accf7c8af0a345299cc17d7.txt,1,malware
fsck.jfs.txt,0,goodware
cb9225415d4a188b721c78677fb4109f.txt,1,malware
dc5dff99b85dedf2cb3e0f3545603b36.txt,1,malware
svscan.txt,0,goodware
e637e436e5b23349275f94dfd41a3e69.txt,1,malware
64880c0333a6d43e7c82a045e588ccf1.txt,1,malware
ea26bb9ae0ef855f30563a846579a4fe.txt,1,malware
dhcpdump.txt,0,goodware
c7334bd0de891934edee0887ac759aab.txt,1,malware
ipfail.txt,0,goodware
csync2.txt,0,goodware
readlinks.txt,0,goodware
ioping.txt,0,goodware
fsremap.txt,0,goodware
goplay.txt,0,goodware
4728d649cfa9c4e3fec2644a42016bc7.txt,1,malware
12239a3d17b55b6b5534860fe0d0c127.txt,1,malware
mingetty.txt,0,goodware
medusa.txt,0,goodware
fsck.f2fs.txt,0,goodware
filter_shell.txt,0,goodware
gam_server.txt,0,goodware
dd14e2d54d748586b794159d19cac638.txt,1,malware
b6be8232be5883b7dd01c5c211261fcf.txt,1,malware
e4671eb7fcb4e2c7fc13e6c5a394f474.txt,1,malware
f8726aa0c78941e434775dc7240d23c5.txt,1,malware
jfs_debugfs.txt,0,goodware
setuidgid.txt,0,goodware
dtop.txt,0,goodware
dash-search.txt,0,goodware
kdump.txt,0,goodware
forkstat.txt,0,goodware
diodcat.txt,0,goodware
merge_diff.txt,0,goodware
dopd.txt,0,goodware
c150c46d1ff307b9d179e6651564c4d4.txt,1,malware
discover.txt,0,goodware
b1d7fea6504cbbef0b1870a97ce6f2d9.txt,1,malware
c9e62ec85e5833b1528b6430463d4bc6.txt,1,malware
diodshowmount.txt,0,goodware
diodmount.txt,0,goodware
a5264f95dd79ef40fa6486ab3ba0c295.txt,1,malware
gadmin-bind.txt,0,goodware
d5c3712cf98078e9c693321c3b4e9e2f.txt,1,malware
f0cce7af04e205ea804d77d9b1288acb.txt,1,malware
pgrphack.txt,0,goodware
2083839a3f7a7f245291642f7c696f73.txt,1,malware
d363b49d037c999a971c08aeeba87c1e.txt,1,malware
25639454675c470e27626dd7ded44c12.txt,1,malware
tai64n.txt,0,goodware
ledmon.txt,0,goodware
ad26f4fbc2e4983ad3815f1fc78df688.txt,1,malware
e3e67d615c758c3fdd5e1639a8052571.txt,1,malware
genromfs.txt,0,goodware
8129a862e81da0b38868b91298fdf6cb.txt,1,malware
d6e97f427b02d0c84ee547c3cc970095.txt,1,malware
cupt.txt,0,goodware
mkfs.f2fs.txt,0,goodware
ksplice-objmanip.txt,0,goodware
dd8a39d324254ecf8c7ca96e4f780e6a.txt,1,malware
halevt-mount.txt,0,goodware
e4defrag.txt,0,goodware
tunegfs2.txt,0,goodware
ddpt.txt,0,goodware
luau.txt,0,goodware
a16ca7295dd57c9fcc8e364105ff925c.txt,1,malware
8486e93579cd32803f43fda59ea4ef42.txt,1,malware
famd.txt,0,goodware
ecdde90b9b3774a718c0d8818531de3c.txt,1,malware
diodls.txt,0,goodware
c26b4bf1ecb8f70504dce9e5da299fa2.txt,1,malware
4315f27c62c9005daa25a41a9b3f8764.txt,1,malware
a74b9a55f0bb05b02e75082127bc2495.txt,1,malware
memdump.txt,0,goodware
eql_enslave.txt,0,goodware
logsave.txt,0,goodware
cf9b9694242df06fd0ddff849118f1b5.txt,1,malware
e2fsck.txt,0,goodware
d23418900e4de58f0e295a295ba4decb.txt,1,malware
b153c99fe54e5f9e4562e3c7785916b9.txt,1,malware
envuidgid.txt,0,goodware
run-detectors.txt,0,goodware
ddptctl.txt,0,goodware
findif.txt,0,goodware
b00de95e31620136b9183afbdedb3a9c.txt,1,malware
cryptkeeper.txt,0,goodware
fsmove.txt,0,goodware
d07ce84a6e1c9592ac32f0872b4cba7a.txt,1,malware
d73b2f3b5a45b9b763e661f30b9499da.txt,1,malware
d84b1f6d5a1d3b204f5a8d1aa187f63c.txt,1,malware
b9ac801641d28bac37613ed4248eb31c.txt,1,malware
gfs2_tool.txt,0,goodware
gadmin-proftpd.txt,0,goodware
readproctitle.txt,0,goodware
e2freefrag.txt,0,goodware
hwinfo.txt,0,goodware
resize2fs.txt,0,goodware
dhcping.txt,0,goodware
logtop.txt,0,goodware
b8e94ce4c28f1212be0dcd899aebf057.txt,1,malware
a0d0360fa13fdc4ccd2eed0822220d03.txt,1,malware
6840f8221423e65a0d6148d56393f136.txt,1,malware
softlimit.txt,0,goodware
4546dcc36eedf6b1b1f871ce1e987d1d.txt,1,malware
c110c2cd5896e7bcc915d1fc3edcea3c.txt,1,malware
05661e5bfa532f2471403f42185000ba.txt,1,malware
passdev.txt,0,goodware
f2fstat.txt,0,goodware
b18f263de8ed579ce3cbe5e24a09c9c5.txt,1,malware
runapp.txt,0,goodware
fsck.gfs2.txt,0,goodware
funnel.txt,0,goodware
lnav.txt,0,goodware
incrond.txt,0,goodware
i-ls.txt,0,goodware
da91ceb50720b4438ea0d283abb8dafb.txt,1,malware
supervise.txt,0,goodware
cae9c4eab032e2234e796391d4a5608e.txt,1,malware
gprostats.txt,0,goodware
iptstate.txt,0,goodware
